album,artist,rate,ratings
OK Computer,Radiohead,4.23,41673
The Dark Side of the Moon,Pink Floyd,4.23,35458
The Velvet Underground & Nico,The Velvet Underground,4.29,27824
Kid A,Nico,4.19,34019
Wish You Were Here,Radiohead,4.27,28795
In the Court of the Crimson King,Pink Floyd,4.30,24018
Loveless,King Crimson,4.21,27085
Pet Sounds,My Bloody Valentine,4.21,21031
Abbey Road,The Beach Boys,4.29,27004
Revolver,The Beatles,4.27,26834
Kind of Blue,The Beatles,4.27,17944
Led Zeppelin [IV],Miles Davis,4.17,23644
The Rise and Fall of Ziggy Stardust and the Spiders From Mars,Led Zeppelin,4.28,23421
Paranoid,David Bowie,4.21,21545
In the Aeroplane Over the Sea,Black Sabbath,4.09,26229
Doolittle,Neutral Milk Hotel,4.16,21392
A Love Supreme,Pixies,4.32,14566
Lift Yr. Skinny Fists Like Antennas to Heaven!,John Coltrane,4.15,19352
Unknown Pleasures,Godspeed You Black Emperor!,4.13,22914
In Rainbows,Joy Division,4.05,25365
Pink Moon,Radiohead,4.20,17737
Remain in Light,Nick Drake,4.22,18736
Highway 61 Revisited,Talking Heads,4.23,17754
The Doors,Bob Dylan,4.15,19676
The Queen Is Dead,The Doors,4.15,20634
Sgt. Pepper's Lonely Hearts Club Band,The Smiths,4.17,27337
Animals,The Beatles,4.09,21615
Funeral,Pink Floyd,4.03,25119
Low,Arcade Fire,4.14,17081
Marquee Moon,David Bowie,4.18,16542
Nevermind,Television,3.92,27071
Enter the Wu-Tang (36 Chambers),Nirvana,4.18,15502
Illmatic,Wu-Tang Clan,4.18,15498
The Black Saint and the Sinner Lady,Nas,4.35,10916
The Beatles [White Album],Mingus,4.17,22352
Closer,The Beatles,4.11,18312
Red,Joy Division,4.21,13014
London Calling,King Crimson,4.07,19732
The Bends,The Clash,3.91,28659
Blonde on Blonde,Radiohead,4.20,15057
To Pimp a Butterfly,Kendrick Lamar,4.09,16499
Are You Experienced,The Jimi Hendrix Experience,4.18,15395
Daydream Nation,Sonic Youth,4.08,17942
Ágætis byrjun,Sigur Rós,4.05,17624
Spiderland,Slint,4.11,16886
Disintegration,The Cure,4.14,16265
Madvillainy,Madvillain,4.13,14314
Master of Puppets,Metallica,4.01,20159
F♯A♯∞,Godspeed You Black Emperor!,4.11,14937
My Beautiful Dark Twisted Fantasy,Kanye West,3.98,19576
"good kid, m.A.A.d city",Kendrick Lamar,4.09,16298
Led Zeppelin,Led Zeppelin,4.03,19280
Endtroducing.....,DJ Shadow,4.11,15372
Blood on the Tracks,Bob Dylan,4.20,13031
Master of Reality,Black Sabbath,4.14,14781
Rubber Soul,The Beatles,4.10,21043
Ride the Lightning,Metallica,4.05,17309
In a Silent Way,Miles Davis,4.23,9306
Songs of Leonard Cohen,Leonard Cohen,4.18,11026
Dummy,Portishead,4.11,17399
Black Sabbath,Black Sabbath,4.10,15552
Led Zeppelin II,Led Zeppelin,4.01,18622
After the Gold Rush,Neil Young,4.15,12836
Bitches Brew,Miles Davis,4.15,11194
Electric Ladyland,The Jimi Hendrix Experience,4.17,12499
Tago Mago,Can,4.11,14053
Rain Dogs,Tom Waits,4.13,13150
Bringing It All Back Home,Bob Dylan,4.18,11638
Close to the Edge,Yes,4.12,12564
Souvlaki,Slowdive,4.07,13906
The Low End Theory,A Tribe Called Quest,4.09,12357
Illinois,Sufjan Stevens,4.02,16137
Hunky Dory,David Bowie,4.10,17159
White Light / White Heat,The Velvet Underground,4.06,15388
Fun House,The Stooges,4.14,11528
Forever Changes,Love,4.09,12664
Meddle,Pink Floyd,3.98,17106
Homogenic,Björk,4.02,15034
Hot Rats,Frank Zappa,4.08,11542
Sticky Fingers,The Rolling Stones,4.09,11331
Who's Next,The Who,4.04,13626
Amnesiac,Radiohead,3.84,23697
In utero,Nirvana,3.92,19583
The Piper at the Gates of Dawn,Pink Floyd,3.94,18385
Odessey and Oracle,The Zombies,4.12,10232
The Velvet Underground,The Velvet Underground,4.12,13949
Station to Station,David Bowie,4.08,11696
Liquid Swords,Genius/GZA,4.12,10042
Spirit of Eden,Talk Talk,4.07,10335
Laughing Stock,Talk Talk,4.09,9846
Future Days,Can,4.12,9654
Magical Mystery Tour,The Beatles,4.08,17143
What's Going On,Marvin Gaye,4.08,10620
Surfer Rosa,Pixies,3.99,15516
Five Leaves Left,Nick Drake,4.08,11255
Selected Ambient Works 85-92,Aphex Twin,3.99,13406
Hounds of Love,Kate Bush,4.10,10372
Either / Or,Elliott Smith,4.07,12221
On the Beach,Neil Young,4.14,9043
Let It Bleed,The Rolling Stones,4.06,10925
Another Green World,Eno,4.04,10984
Reign in Blood,Slayer,3.99,12551
Harvest,Neil Young,4.05,12083
Siamese Dream,Smashing Pumpkins,3.96,14629
Everybody Knows This Is Nowhere,Neil Young,4.11,9161
Ege Bamyasi,Crazy Horse,4.06,10411
The Wall,Can,3.80,23287
Astral Weeks,Pink Floyd,4.05,10010
Exile on Main St.,Van Morrison,4.04,10743
If You're Feeling Sinister,The Rolling Stones,4.00,12340
Mezzanine,Belle and Sebastian,4.03,14975
"""Heroes""",Massive Attack,3.97,13403
Grace,David Bowie,3.97,14644
Rust in Peace,Jeff Buckley,4.01,11534
★ [Blackstar],Megadeth,3.97,12277
Violator,David Bowie,3.99,11812
Led Zeppelin III,Depeche Mode,3.91,16482
Mingus Ah Um,Led Zeppelin,4.13,7459
Innervisions,Charles Mingus,4.11,7460
Turn On the Bright Lights,Stevie Wonder,3.94,16478
Yankee Hotel Foxtrot,Wilco,3.93,13941
Physical Graffiti,Led Zeppelin,3.99,13162
Hatful of Hollow,The Smiths,4.14,7304
Music Has the Right to Children,Boards of Canada,3.93,12657
The Kinks Are the Village Green Preservation Society,The Kinks,4.12,8721
Houses of the Holy,Led Zeppelin,3.96,13801
"Crooked Rain, Crooked Rain",Pavement,4.00,11773
Selling England by the Pound,Genesis,4.03,9548
Soundtracks for the Blind,Swans,4.06,7845
Giant Steps,John Coltrane,4.11,7390
The Lonesome Crowded West,Modest Mouse,4.05,10045
Midnight Marauders,A Tribe Called Quest,4.09,8199
The Freewheelin' Bob Dylan,Bob Dylan,4.02,11157
Raw Power,Iggy and The Stooges,4.05,10347
Songs of Love and Hate,Leonard Cohen,4.07,7919
My Favorite Things,John Coltrane,4.12,6486
Songs in the Key of Life,Stevie Wonder,4.11,6220
Symbolic,Death,4.04,7825
Lateralus,Tool,3.93,13546
Aquemini,OutKast,4.06,7497
Die Mensch-Maschine,Kraftwerk,3.99,9509
Fear of Music,Talking Heads,4.02,10737
Powerslave,Iron Maiden,3.99,10382
Cosmo's Factory,Creedence Clearwater Revival,4.08,6952
The Downward Spiral,Nine Inch Nails,3.95,13211
Donuts,J Dilla,3.99,8744
Larks' Tongues in Aspic,King Crimson,4.02,8949
The Moon & Antarctica,Modest Mouse,3.97,11617
The Stone Roses,The Stone Roses,3.99,11414
( ),Sigur Rós,3.92,12249
Blue,Joni Mitchell,4.02,8655
Carrie & Lowell,Sufjan Stevens,3.98,10382
Thick as a Brick,Jethro Tull,4.03,7796
Born to Run,Bruce Springsteen,3.98,9259
Axis: Bold as Love,The Jimi Hendrix Experience,4.02,10131
Ænima,Tool,3.92,12690
Trans Europa Express,Kraftwerk,3.99,8659
Superfly,Curtis Mayfield,4.11,5640
Strange Days,The Doors,3.97,10983
Swordfishtrombones,Tom Waits,4.04,8663
Purple Rain,Prince and The Revolution,4.06,9353
The Number of the Beast,Iron Maiden,3.94,11921
Pornography,The Cure,3.98,11135
Blackwater Park,Opeth,3.94,10654
Vespertine,Björk,3.97,10651
The Soft Bulletin,The Flaming Lips,3.90,12849
Sabbath Bloody Sabbath,Black Sabbath,4.00,10285
Beggars Banquet,The Rolling Stones,4.03,9441
Rage Against the Machine,Rage Against the Machine,3.89,13574
The Glow Pt. 2,The Microphones,4.00,10058
Machine Head,Deep Purple,3.99,8785
Bryter Layter,Nick Drake,3.98,9894
Blue Train,John Coltrane,4.05,7179
Fragile,Yes,3.96,10114
Music for 18 Musicians,Steve Reich,4.07,5098
Pink Flag,Wire,3.98,9932
Rumours,Fleetwood Mac,3.98,10820
The College Dropout,Kanye West,3.88,13330
Ys,Joanna Newsom,3.92,9882
Since I Left You,The Avalanches,3.92,10714
Entertainment!,Gang of Four,3.98,9079
Perfect From Now On,Built to Spill,4.01,7684
Atrocity Exhibition,Danny Brown,3.96,8784
Karma,Pharoah Sanders,4.09,4590
Kyuss [Welcome to Sky Valley],Kyuss,3.98,8788
Heaven or Las Vegas,Cocteau Twins,3.98,8440
...And Justice for All,Metallica,3.83,15157
Murmur,R.E.M.,3.95,9803
Mellon Collie and the Infinite Sadness,The Smashing Pumpkins,3.87,13221
The Infamous,Mobb Deep,4.05,5888
Out to Lunch,Eric Dolphy,4.03,5718
Weezer [Blue Album],Weezer,3.92,15752
Ready to Die,The Notorious B.I.G.,4.00,7783
Fresh Fruit for Rotting Vegetables,Dead Kennedys,3.99,9141
Songs for the Deaf,Queens of the Stone Age,3.90,14147
Dirt,Alice in Chains,3.91,11655
Here Come the Warm Jets,Eno,3.97,8165
Thriller,Michael Jackson,3.90,10528
Soundtrack From Twin Peaks,Angelo Badalamenti,4.10,5037
"Il buono, il brutto, il cattivo",Ennio Morricone,4.14,3184
Hail to the Thief,Radiohead,3.70,21928
Ten,Pearl Jam,3.82,14477
Seventh Son of a Seventh Son,Iron Maiden,3.97,8471
Paul's Boutique,Beastie Boys,3.93,8960
It Takes a Nation of Millions to Hold Us Back,Public Enemy,3.95,8265
Aqualung,Jethro Tull,3.94,9053
Maggot Brain,Funkadelic,3.97,7847
Third,Portishead,3.86,10656
Curtis,Curtis Mayfield,4.07,4275
Is This It,The Strokes,3.85,17121
Sister,The Sonic Youth,3.95,9563
The Shape of Jazz to Come,Ornette Coleman,4.02,5401
9 Symphonien,Berliner Philharmoniker,4.21,887
Moondance,Herbert von Karajan,4.01,6792
Painkiller,Van Morrison,3.99,6739
Vol 4,Judas Priest,3.95,10029
Transformer,Black Sabbath,3.96,11607
First Utterance,Lou Reed,3.99,6043
Relationship of Command,Comus,3.90,10478
ATLiens,At the Drive-In,4.02,6025
Moving Pictures,OutKast,3.91,9359
All Things Must Pass,Rush,4.06,7056
Long Season,George Harrison,4.05,4977
A Night at the Opera,Fishmans,3.89,10109
Foxtrot,Queen,3.98,7144
Rock Bottom,Genesis,3.96,6480
Geogaddi,Robert Wyatt,3.91,9264
Treasure,Boards of Canada,3.96,8821
Otis Blue: Otis Redding Sings Soul,Cocteau Twins,4.05,4461
Filosofem,Otis Redding,3.92,8393
Slanted and Enchanted,Burzum,3.90,11287
Blues & Roots,Pavement,4.09,3811
Automatic for the People,Charlie Mingus,3.93,11778
Let It Be,R.E.M.,3.96,7295
Tonight's the Night,The Replacements,4.01,6409
To Be Kind,Neil Young,3.88,9202
A Moon Shaped Pool,Swans,3.82,13089
Post,Radiohead,3.86,12139
The Clash,Björk,3.92,9774
The Seer,The Clash,3.87,9331
Deep Purple in Rock,Deep Purple,3.96,7176
L.A. Woman,The Doors,3.92,10154
Chairs Missing,Wire,3.99,6559
Safe as Milk,Captain Beefheart and His Magic Band,3.95,8261
Clube da Esquina,Milton Nascimento,4.07,3270
Horses,Lô Borges,3.94,8648
Merriweather Post Pavilion,Patti Smith,3.69,17208
Bone Machine,Animal Collective,4.01,6383
Yoshimi Battles the Pink Robots,Tom Waits,3.82,13322
Still Life,The Flaming Lips,3.95,7368
Late Registration,Opeth,3.85,12037
The Money Store,Kanye West,3.82,13865
A Tribute to Jack Johnson,Death Grips,4.05,3972
Journey in Satchidananda,Miles Davis,4.06,3579
Electric Warrior,Alice Coltrane featuring Pharoah Sanders,3.96,6740
You're Living All Over Me,T. Rex,3.90,9347
The Smiths,Dinosaur,3.86,11806
Let Love In,The Smiths,3.97,7112
Ramones,Nick Cave and The Bad Seeds,3.88,9327
Tabula rasa,Ramones,4.03,3663
Time Out,Staatsorchester Stuttgart,3.97,5834
Kill 'Em All,Lietuvos kamerinis orkestras,3.78,14585
Dopethrone,Die 12 Cellisten der Berliner Philharmoniker,3.93,7816
Arthur or the Decline and Fall of the British Empire,Dennis Russell Davies,4.04,5146
The Lamb Lies Down on Broadway,Saulius Sondeckis,3.97,6271
I Can Hear the Heart Beating as One,Gidon Kremer,3.93,8213
The Dreaming,Keith Jarrett,3.98,5936
Discovery,Татьяна Гринденко ,3.79,12944
XO,Альфред Шнитке ,3.94,7961
Art Blakey and The Jazz Messengers [Moanin'],The Dave Brubeck Quartet,4.05,3727
Human,Metallica,3.95,6445
Expensive Shit,Electric Wizard,4.02,3797
Jane Doe,The Kinks,3.89,7623
Rising,Genesis,3.97,5174
Deceit,Yo La Tengo,3.96,5765
Symphony No. 9,Kate Bush,4.11,524
Pinkerton,Daft Punk,3.88,13052
Before and After Science,Elliott Smith,3.95,6247
John Lennon / Plastic Ono Band,Art Blakey and The Jazz Messengers,3.98,7602
Head Hunters,Death,3.94,6613
De-Loused in the Comatorium,The Mars Volta,3.80,11210
Angel Dust,Faith No More,3.89,8242
Déjà vu,"Crosby, Stills, Nash & Young",3.97,5489
"Sign ""☮"" the Times",Prince,4.02,5235
Different Class,Pulp,3.94,7714
The Stooges,The Stooges,3.90,9027
Bridge Over Troubled Water,Simon and Garfunkel,3.97,7401
Superunknown,Soundgarden,3.85,9708
Zen Arcade,Hüsker Dü,3.92,7622
Quadrophenia,The Who,3.94,6734
Boxer,The National,3.85,9979
Double Nickels on the Dime,Minutemen,3.93,7104
Psychocandy,The Jesus and Mary Chain,3.82,10713
Third,Soft Machine,3.94,5132
Down Colorful Hill,Red House Painters,3.92,6089
Histoire de Melody Nelson,Serge Gainsbourg,3.93,5716
Ashes Against the Grain,Agalloch,3.92,6173
C'era una volta il West,Ennio Morricone,4.08,1659
More Songs About Buildings and Food,Talking Heads,3.91,8468
Discipline,King Crimson,3.91,7366
Sound of Silver,LCD Soundsystem,3.84,10301
154,Wire,3.97,5344
The Mantle,Agalloch,3.86,7499
Panopticon,Isis,3.90,6472
Mirage,Camel,3.96,5420
Seasons in the Abyss,Slayer,3.91,7027
Rocket to Russia,Ramones,3.94,6148
Olé Coltrane,John Coltrane,4.04,2882
Leaves Turn Inside You,Unwound,3.94,5230
Acabou chorare,Novos Baianos,4.05,2117
There's a Riot Goin' On,Sly & The Family Stone,3.95,4954
Zombie,Fela Kuti,4.02,3016
Townes Van Zandt,The Africa '70,4.00,3326
Something Else by The Kinks,Townes Van Zandt,3.98,5462
Ascension,The Kinks,3.99,3938
Repeater,John Coltrane,3.88,7949
Neon Bible,Fugazi,3.70,15621
The Modern Lovers,Arcade Fire,3.93,5610
The Ape of Naples,The Modern Lovers,3.93,5344
Faust IV,Coil,3.92,6019
Hvis lyset tar oss,Burzum,3.88,6613
Untrue,Burial,3.83,10975
Somethin' Else,Cannonball Adderley,3.98,3628
A Tábua de Esmeralda,Jorge Ben,4.03,2290
Pawn Hearts,Van der Graaf Generator,3.94,4320
69 Love Songs,The Magnetic Fields,3.88,6511
Stand!,Sly and The Family Stone,3.98,4097
A Charlie Brown Christmas,Vince Guaraldi,4.01,2933
Crack the Skye,Mastodon,3.84,7769
Iron Maiden,Iron Maiden,3.87,8654
Ladies and Gentlemen We Are Floating in Space,Spiritualized®,3.83,9179
Heaven and Hell,Black Sabbath,3.88,7257
Black on Both Sides,Mos Def,3.93,5417
Bergtatt: Et eeventyr i 5 capitler,Ulver,3.91,6387
The Nocturnes,Artur Rubinstein,4.06,1124
Saxophone Colossus,Sonny Rollins,3.98,3408
The Sound of Perseverance,Death,3.90,6192
Trout Mask Replica,Captain Beefheart & His Magic Band,3.74,10176
Only Built 4 Cuban Linx...,Chef Raekwon,3.93,5202
Darkness on the Edge of Town,Bruce Springsteen,3.94,5671
Deathconsciousness,Have a Nice Life,3.85,8638
Person Pitch,Panda Bear,3.81,9301
The Yes Album,Yes,3.91,6698
Violent Femmes,Violent Femmes,3.87,8624
Computerwelt,Kraftwerk,3.91,5892
This Year's Model,Elvis Costello,3.93,6772
Symphonie Nr.5,Wiener Philharmoniker,4.09,460
EVOL,Carlos Kleiber,3.87,8159
For Your Pleasure,Sonic Youth,3.92,5620
NEU!,Roxy Music,3.85,7576
Bee Thousand,NEU!,3.88,6418
Youth of America,Guided by Voices,3.97,4235
The Band,Wipers,3.95,5381
Aladdin Sane,The Band,3.86,11021
Strawberry Jam,David Bowie,3.75,11953
Exodus,Animal Collective,3.96,4585
Le Sacre du printemps,Bob Marley,4.02,1162
Getz / Gilberto,The Wailers,3.96,4426
The Modern Dance,New York Philharmonic,3.88,6151
Talking Heads: 77,Leonard Bernstein,3.83,9721
NEU! '75,NEU!,3.94,4854
Scott 4,Scott Engel,3.93,4632
Africa / Brass,The John Coltrane Quartet,4.02,2446
Construção,Chico Buarque,3.99,2583
Moment of Truth,Gang Starr,3.99,3070
Abraxas,Santana,3.94,4745
I Could Live in Hope,Low,3.90,5520
Individual Thought Patterns,Death,3.92,5297
Desertshore,Nico,3.90,4892
Mingus Mingus Mingus Mingus Mingus,Charles Mingus,4.01,2960
Altars of Madness,Morbid Angel,3.91,4994
Within the Realm of a Dying Sun,Dead Can Dance,3.90,5121
In the Nightside Eclipse,Emperor,3.90,5482
Taking Tiger Mountain (By Strategy),Eno,3.92,5713
Stress: The Extinction Agenda,Organized Konfusion,3.99,2535
Red House Painters [Rollercoaster],Red House Painters,3.93,4514
Sad Wings of Destiny,Judas Priest,3.91,5055
Nebraska,Bruce Springsteen,3.88,6640
Song for My Father,The Horace Silver Quintet,4.02,2074
Script of the Bridge,The Chameleons,3.92,4535
To Bring You My Love,PJ Harvey,3.89,6508
Ghost Reveries,Opeth,3.87,7033
Zuma,Neil Young,3.93,5405
Willy and the Poor Boys,Crazy Horse,3.95,4410
Through Silver in Blood,Creedence Clearwater Revival,3.92,4584
Desire,Neurosis,3.91,6794
Storm of the Light's Bane,Bob Dylan,3.93,4476
Ace of Spades,Dissection,3.90,6040
Keep It Like a Secret,Motörhead,3.91,5840
Holy Diver,Built to Spill,3.91,5483
You Forgot It in People,Dio,3.85,7658
Odelay,Broken Social Scene,3.76,11409
The Inner Mounting Flame,Beck!,3.93,4152
Freak Out!,Mahavishnu Orchestra,3.85,7762
In the Land of Grey and Pink,John McLaughlin,3.93,4256
Goo,The Mothers of Invention,3.80,10244
Don't Break the Oath,Caravan,3.93,3699
Meat Is Murder,Sonic Youth,3.78,11191
In Absentia,Mercyful Fate,3.82,8103
Lanquidity,The Smiths,3.98,2649
Takk...,Sigur Rós,3.77,10396
Piece of Mind,Iron Maiden,3.84,8255
Leviathan,Mastodon,3.85,8072
Hot Buttered Soul,Isaac Hayes,3.96,3291
Mount Eerie,The Microphones,3.91,4499
South of Heaven,Slayer,3.88,6651
Suicide,Suicide,3.85,7780
Mothership Connection,Parliament,3.94,3701
Peace Sells... But Who's Buying?,Megadeth,3.85,7922
On the Corner,Miles Davis,3.94,4134
Astigmatic,Komeda Quintet,3.97,2244
Sketches of Spain,Miles Davis,3.92,5986
Unquestionable Presence,Atheist,3.88,4883
The Shape of Punk to Come,Refused,3.86,6543
Richard D. James Album,Aphex Twin,3.78,9366
Surrealistic Pillow,Jefferson Airplane,3.85,7237
The Goldberg Variations,Glenn Gould,4.00,1463
California,Mr. Bungle,3.86,5667
Somewhere in Time,Iron Maiden,3.86,7021
"Orphans: Brawlers, Bawlers & Bastards",Tom Waits,3.97,3341
Anthems to the Welkin at Dusk,Emperor,3.90,4383
Deltron 3030,Deltron 3030,3.87,5872
Tommy,The Who,3.81,8545
Talking Book,Stevie Wonder,3.93,4356
Peter Gabriel,Peter Gabriel,3.92,4394
Star Wars: The Empire Strikes Back,John Williams,4.00,1157
Overkill,Motörhead,3.93,4190
Silent Hill 2,Akira Yamaoka,3.98,2163
Isn't Anything,My Bloody Valentine,3.76,11047
Berlin,Lou Reed,3.86,6135
No Other,Gene Clark,3.97,2124
Boris at Last -Feedbacker-,Boris,3.87,5289
Fleet Foxes,Fleet Foxes,3.72,11206
Green River,Creedence Clearwater Revival,3.93,4611
Hemispheres,Rush,3.89,5249
Lust for Life,Iggy Pop,3.85,6726
Godbluff,Van der Graaf Generator,3.95,2767
Selected Ambient Works Volume II,Aphex Twin,3.83,7005
Screaming for Vengeance,Judas Priest,3.90,5381
Vision Creation Newsun,Boredoms,3.85,5982
White Light From the Mouth of Infinity,Swans,3.86,6099
Nursery Cryme,Genesis,3.89,5777
Blues for the Red Sun,Kyuss,3.88,6175
Have One on Me,Joanna Newsom,3.84,5987
Melissa,Mercyful Fate,3.92,3528
The Argument,Fugazi,3.89,5402
Yeti,Amon Düül II,3.89,5177
This Nation's Saving Grace,The Fall,3.90,4876
Stravinsky Conducts Le Sacre du printemps,Columbia Symphony Orchestra,4.03,423
The Goldberg Variations,Igor Stravinsky,3.97,1565
Tender Prey,Glenn Gould,3.90,5299
Get Up With It,Nick Cave and The Bad Seeds,3.97,2202
Debut,Miles Davis,3.73,11641
The Devil and God Are Raging Inside Me,Björk,3.79,8196
Help!,Brand New,3.76,13029
Brilliant Corners,The Beatles,3.93,3310
Transa,Thelonious Monk,3.96,2500
Portishead,Caetano Veloso,3.85,8647
Damnation,Portishead,3.83,7546
Fare Forward Voyagers (Soldier's Choice),Opeth,3.96,2258
Duke Ellington's Far East Suite,John Fahey,3.99,1798
H to He Who Am the Only One,Duke Ellington,3.95,3049
"Strangeways, Here We Come",Van der Graaf Generator,3.81,9041
Run the Jewels 2,The Smiths,3.77,8428
Mm.. Food,Run the Jewels,3.87,6178
We got it from Here... Thank You 4 Your service,MF DOOM,3.88,5363
Voodoo,A Tribe Called Quest,3.91,3845
The Ascension,D'Angelo,3.88,4927
Jailbreak,Glenn Branca,3.92,3877
Flood,Thin Lizzy,3.86,5116
My Aim Is True,Boris,3.85,6030
Star Wars,Elvis Costello,3.99,1378
Lady Soul,John Williams,3.96,2287
Blonde,London Symphony Orchestra,3.80,8315
Let England Shake,Aretha Franklin,3.80,7508
Feels,Frank Ocean,3.75,10573
Our Mother the Mountain,PJ Harvey,3.96,2463
American Football,Animal Collective,3.76,8793
Closing Time,Townes Van Zandt,3.85,6185
The Suburbs,American Football,3.66,13371
"Power, Corruption & Lies",New Order,3.83,8188
I Never Loved a Man the Way I Love You,Aretha Franklin,3.94,2918
Jackson C. Frank,Jackson C. Frank,3.94,2858
Metal Box,PiL,3.86,5519
Beneath the Remains,Sepultura,3.89,4385
High Violet,The National,3.76,8781
A Hard Day's Night,The Beatles,3.76,12986
A Blaze in the Northern Sky,Darkthrone,3.88,4765
Tim,The Replacements,3.93,4764
White Pony,Deftones,3.79,7710
Reasonable Doubt,Jaÿ-Z,3.87,5173
Ambient 1: Music for Airports,Brian Eno,3.76,8023
Unearthed,Johnny Cash,4.01,718
The Tired Sounds Of,Stars of the Lid,3.86,4529
Catch a Fire,Bob Marley,3.93,3607
C'era una volta in America,The Wailers,4.03,892
Ghosts of the Great Highway,Ennio Morricone,3.91,4034
Operation: Mindcrime,Sun Kil Moon,3.84,4836
Aja,Queensrÿche,3.89,5345
Fear of a Black Planet,Steely Dan,3.87,4883
We're Only in It for the Money,Public Enemy,3.85,6144
Epicus Doomicus Metallicus,The Mothers of Invention,3.87,4084
Things Fall Apart,Candlemass,3.89,4672
Hosianna Mantra,The Roots,3.87,4082
Lifestylez ov da Poor & Dangerous,Popol Vuh,3.91,3854
Alligator,Big L,3.83,7150
Yanqui U.X.O.,The National,3.77,8706
The Idiot,Godspeed You! Black Emperor,3.86,6462
One Size Fits All,Iggy Pop,3.92,3454
Paris 1919,Frank Zappa,3.88,4383
The Good Son,The Mothers of Invention,3.88,4729
Ram,John Cale,3.93,4343
"For Emma, Forever Ago",Nick Cave & The Bad Seeds,3.73,10342
ファイナルファンタジーVI (Final Fantasy VI),Paul McCartney,4.01,746
The Magnolia Electric Co.,Linda McCartney,3.92,2840
Oceanic,Bon Iver,3.86,5203
Moon Safari,植松伸夫 ,3.74,10485
Monk's Music,Magnolia Electric Co.,3.97,1769
Emergency & I,Isis,3.83,5780
De mysteriis dom Sathanas,AIR,3.83,5503
Symphony No. 3,London Sinfonietta,3.92,1759
I See a Darkness,David Zinman,3.85,5575
Bizarre Ride II the Pharcyde,Dawn Upshaw,3.90,3659
The Chronic,Bonnie 'Prince' Billy,3.81,6835
Let My Children Hear Music,The Pharcyde,3.97,2147
Doggystyle,Dr. Dre,3.83,5559
Wowee Zowee,Charles Mingus,3.85,6218
Liege & Lief,Snoop Doggy Dogg,3.92,3145
Back in Black,Pavement,3.66,11760
Elliott Smith,Fairport Convention,3.88,6418
Mos Def & Talib Kweli Are Black Star,AC/DC,3.88,4280
The Colour of Spring,Elliott Smith,3.84,5563
Pastel Blues,Black Star,3.95,2266
"Stories From the City, Stories From the Sea",Talk Talk,3.85,6692
Skylarking,Nina Simone,3.87,5546
Cosmogramma,PJ Harvey,3.73,8851
Loaded,XTC,3.80,10639
Money Jungle,Flying Lotus,3.93,2535
The Fragile,The Velvet Underground,3.84,7311
Elephant,Duke Ellington,3.75,12601
Disraeli Gears,Charles Mingus,3.80,7710
The Slider,Max Roach,3.91,3442
The Cold Vein,Nine Inch Nails,3.85,4585
The Joshua Tree,The White Stripes,3.77,10865
Music for 18 Musicians,Cream,3.96,1304
Crazy Rhythms,T. Rex,3.85,5048
Crimson,Cannibal Ox,3.88,3399
I Want to See the Bright Lights Tonight,U2,3.92,2454
Harmony in Ultraviolet,Steve Reich and Musicians,3.86,4452
"Symphony No. 9 ""Choral""",The Feelies,4.03,249
Black Messiah,Edge of Sanity,3.84,5028
Let's Get It On,Richard & Linda Thompson,3.91,3715
Rated R,Tim Hecker,3.81,8809
Ridin' Dirty,Berliner Philharmoniker,3.92,2338
The Lord of the Rings: The Fellowship of the Ring,Herbert von Karajan,3.97,1574
At the Heart of Winter,Wiener Singverein,3.88,3487
Os Mutantes,Anna Tomowa-Sintow,3.86,4573
(pronounced 'lĕh-'nérd 'skin-'nérd),Agnes Baltsa,3.88,4075
3rd,Peter Schreier,3.89,4179
2112,José Van Dam,3.78,7630
Empyrean Isles,Herbie Hancock,3.94,2376
Chrono Trigger: Original Sound Version,光田康典 ,4.00,852
Hex Enduction Hour,The Fall,3.88,4213
'Round About Midnight,Miles Davis,3.91,3679
Sabotage,Black Sabbath,3.82,7059
Nowhere,Ride,3.76,7735
The Mollusk,Ween,3.85,5439
Mule Variations,Tom Waits,3.89,4769
Final Fantasy VII Original Sound Track,植松伸夫 ,3.97,1166
Appetite for Destruction,Guns n' Roses,3.63,12202
Heart of the Congos,The Congos,3.94,2430
Stained Class,Judas Priest,3.89,3956
Argus,Wishbone Ash,3.89,3221
Maiden Voyage,Herbie Hancock,3.92,2858
Permanent Waves,Rush,3.85,5196
1999,Prince,3.88,4445
Q: Are We Not Men? A: We Are Devo!,Devo,3.81,6663
Monk's Dream,The Thelonious Monk Quartet,3.94,2324
Tigermilk,Belle and Sebastian,3.82,6584
Roforofo Fight,Fela Kuti,3.96,1634
Seventeen Seconds,The Africa '70,3.82,7439
Close to a World Below,The Cure,3.90,2393
Speak No Evil,Immolation,3.91,2609
Free Jazz,Wayne Shorter,3.91,2791
Obscura,The Ornette Coleman Double Quartet,3.88,3675
Never Mind the Bollocks Here's the Sex Pistols,Gorguts,3.66,11411
And Then Nothing Turned Itself Inside-Out,Sex Pistols,3.85,5491
Exuma,Yo La Tengo,3.87,3809
The 6 String Quartets,Exuma,4.01,496
"My Arms, Your Hearse",Takács Quartet,3.85,5109
Sechs Suiten für Violoncello Solo BWV 1007-1012,Opeth,4.02,476
The Sidewinder,Pierre Fournier,3.95,2002
Music for the Masses,Lee Morgan,3.84,5749
Black Celebration,Depeche Mode,3.84,5313
Stormcock,Depeche Mode,3.92,2171
Musick to Play in the Dark,Roy Harper,3.89,3033
American IV: The Man Comes Around,Coil,3.89,4392
Transilvanian Hunger,Johnny Cash,3.83,4879
Visions of the Country,Darkthrone,3.94,1268
Arise,Robbie Basho,3.87,4249
Starsailor,Tim Buckley,3.85,4185
Like an Ever Flowing Stream,Dismember,3.90,2548
Wrong,NoMeansNo,3.89,3501
Music From Big Pink,The Band,3.88,5293
Defenders of the Faith,Judas Priest,3.88,3796
Blood Fire Death,Bathory,3.85,4275
Veedon Fleece,Van Morrison,3.93,2214
Bookends,Simon & Garfunkel,3.87,4564
Mass in B minor,English Baroque Soloists,3.97,521
Toxicity,Monteverdi Choir,3.66,11583
The Kick Inside,John Eliot Gardiner,3.83,5689
Teen Dream,System of a Down,3.69,9938
None So Vile,Kate Bush,3.88,3713
Parallel Lines,Beach House,3.84,6238
Scary Monsters (And Super Creeps),Cryptopsy,3.82,8135
Meditations,Blondie,3.93,2265
Spirit They're Gone Spirit They've Vanished,David Bowie,3.77,6442
Apostrophe ('),John Coltrane,3.85,4890
Mecca and the Soul Brother,Avey Tare,3.90,2535
Atomizer,Panda Bear,3.84,5092
On Fire,Frank Zappa,3.78,6107
Jeopardy,Pete Rock & C.L. Smooth,3.90,3046
Painful,Big Black,3.88,4444
The Boatman's Call,Galaxie 500,3.84,5196
Mental Funeral,The Sound,3.90,2545
Blue Lines,Yo La Tengo,3.78,8587
Faust,Nick Cave & The Bad Seeds,3.80,5148
Tango: Zero Hour / Nuevo Tango: Hora Zero,Autopsy,3.95,1220
3 Feet High and Rising,Massive Attack,3.80,5638
Faith,Faust,3.82,6594
Horse Rotorvator,Astor Piazzolla and The New Tango Quintet,3.84,4011
A Farewell to Kings,De La Soul,3.85,5024
Hex,The Cure,3.81,4801
The Blues and the Abstract Truth,Coil,3.93,1756
Chrono Cross: Original Soundtrack,Rush,3.95,551
And Their Refinement of the Decline,Bark Psychosis,3.85,3641
S.F. Sorrow,Oliver Nelson,3.90,2911
The Blueprint,光田康典 ,3.81,5450
A Saucerful of Secrets,Stars of the Lid,3.69,10904
Deadwing,The Pretty Things,3.81,6306
Court and Spark,Joni Mitchell,3.88,3503
Requiem,Wiener Philharmoniker,4.01,394
Sackcloth 'n' Ashes,Wiener Singverein,3.89,2945
No More Shall We Part,Herbert von Karajan,3.89,4519
The Main Ingredient,Anna Tomowa-Sintow,3.92,1588
Solid Air,Helga Müller-Molinari,3.90,2512
Abigail,Vinson Cole,3.88,2898
The Head on the Door,Paata Burchuladze,3.83,7018
The Holy Bible,Sixteen Horsepower,3.82,4745
#1 Record,Nick Cave and The Bad Seeds,3.86,5030
Emperor Tomato Ketchup,Pete Rock & C.L. Smooth,3.83,5269
Times of Grace,John Martyn,3.89,3044
Keeper of the Seven Keys Part II,King Diamond,3.85,3394
Mogwai Young Team,The Cure,3.75,7252
Stankonia,Manic Street Preachers,3.79,6838
Happy Sad,Big Star,3.86,3871
The Fountain,Stereolab,3.90,1952
Flower Boy,Neurosis,3.77,7070
Children of God,Helloween,3.80,5985
Symphonie No. 4,Mogwai,3.95,680
Sextant,OutKast,3.91,2302
Aftermath,Tim Buckley,3.80,6341
John Wesley Harding,Clint Mansell,3.82,6210
Crime of the Century,"Tyler, the Creator",3.85,3750
Alien Lanes,Swans,3.85,3966
The Great Annihilator,Wiener Philharmoniker,3.83,5389
Bad Brains,Carlos Kleiber,3.83,5068
"Crosby, Stills & Nash",Herbie Hancock,3.87,3525
Band on the Run,The Rolling Stones,3.88,4506
Still Life,Bob Dylan,3.90,2197
channel ORANGE,Supertramp,3.71,9904
The Grand Wazoo,Guided by Voices,3.88,3450
People's Instinctive Travels and the Paths of Rhythm,Swans,3.85,4699
Vaudeville Villain,Bad Brains,3.87,3582
Gnossiennes; Gymnopédies; Ogives; Trois sarabandes; Petite ouverture à danser,"Crosby, Stills & Nash",3.95,807
The Times They Are A-Changin',Paul McCartney,3.80,6989
Fire of Love,Wings,3.83,4203
Graceland,Van der Graaf Generator,3.83,5821
Rum Sodomy & the Lash,Frank Ocean,3.87,3349
Ommadawn,The Mothers,3.88,2842
Tri repetae,Autechre,3.79,5369
Symphonic Suite AKIRA,芸能山城組 ,3.95,1054
Donkey Kong Country 2: Diddy's Kong Quest,David Wise,3.94,598
Pieces of a Man,Gil Scott-Heron,3.90,2519
Goodbye Yellow Brick Road,Elton John,3.86,4547
A Sun That Never Sets,Neurosis,3.86,2897
Pithecanthropus Erectus,The Charlie Mingus Jazz Workshop,3.90,2809
Mental Vortex,Coroner,3.89,2327
3 Gymnopédies & Other Piano Works · und andere Klavierstücke,Pascal Rogé,3.94,1126
Plastic Surgery Disasters,Dead Kennedys,3.88,3921
Glassworks,Philip Glass,3.87,2960
Imaginations From the Other Side,Blind Guardian,3.85,3034
Complete Works Opp 1-31,Pierre Boulez,3.96,441
Leprosy,Death,3.83,4842
Tea for the Tillerman,Cat Stevens,3.87,3888
Tindersticks,Tindersticks,3.85,2964
New Day Rising,Hüsker Dü,3.84,4616
Sorrow Tears and Blood,Fela Kuti,3.94,1118
Matthäus-Passion,The Africa '70,3.95,430
Eat a Peach,Collegium Vocale Gent,3.90,2949
Paid In Full,Philippe Herreweghe,3.83,4474
Lifes Rich Pageant,Ian Bostridge,3.84,4905
Reckoning,Franz-Josef Selig,3.83,5447
Over-Nite Sensation,Sibylla Rubens,3.86,3785
Juju,Andreas Scholl,3.92,1669
Silent Shout,Werner Güra,3.75,6922
Mother 2: ギーグの逆襲,Dietrich Henschel,3.99,530
XXX,The Allman Brothers Band,3.77,6516
Idle Moments,Eric B. & Rakim,3.92,2000
Is This Real?,R.E.M.,3.89,2640
Ironman,R.E.M.,3.88,3163
África Brasil,The Mothers,3.93,1617
Van Halen,Wayne Shorter,3.77,5946
Supreme Clientele,The Knife,3.85,3714
Murder Ballads,田中宏和 ,3.81,5857
Miles Smiles,鈴木慶一 ,3.90,2657
Can't Buy a Thrill,Danny Brown,3.88,3943
Layla and Other Assorted Love Songs,Grant Green,3.82,4518
The Snow Goose,Wipers,3.87,3524
Relayer,Ghostface Killah,3.83,5059
Nightfall,Candlemass,3.86,2842
Twin Peaks: Fire Walk With Me,Angelo Badalamenti,3.96,1376
Ascenseur pour l'échafaud,Miles Davis,3.90,2351
Conan the Barbarian,Basil Poledouris,3.93,673
This Heat,This Heat,3.84,3538
So,Peter Gabriel,3.86,4772
Secret Treaties,Blue Öyster Cult,3.88,2779
Ask the Ages,Sonny Sharrock,3.90,1481
The Age of Adz,Sufjan Stevens,3.74,7457
Sleeping Beauty,Sun Ra and His Arkestra,3.93,1290
Call Me,Al Green,3.90,2059
Dusty in Memphis,Dusty Springfield,3.90,2832
El jardín de los presentes,Invisible,3.93,923
American Beauty,Grateful Dead,3.80,4959
The Crimson Idol,W.A.S.P.,3.88,1810
Hejira,Joni Mitchell,3.87,2643
Long Live Rock 'n' Roll,Rainbow,3.89,3011
Point of Departure,Andrew Hill,3.89,1964
もののけ姫 (Mononoke-hime),久石譲 ,3.97,704
Meat Puppets II,Meat Puppets,3.84,4126
Small Change,Tom Waits,3.85,4324
Moonmadness,Camel,3.87,3278
Requiem,BBC Symphony Orchestra,3.98,362
Juju,Colin Davis,3.85,3904
From Mars to Sirius,John Alldis Choir,3.81,4314
Highway to Hell,Helen Donath,3.70,8413
Bossanova,Yvonne Minton,3.73,8788
Leave Home,Ryland Davies,3.84,3718
Halcyon Digest,Gerd Nienstedt,3.74,7907
6 Feet Deep,Siouxsie and The Banshees,3.86,2961
Lightning to the Nations,Gojira,3.90,1913
Amadeus,AC/DC,3.97,427
A Clockwork Orange,Pixies,3.93,1336
Os afro-sambas de Baden e Vinícius,Ramones,3.93,890
Mekanïk Destruktïw Kommandöh,Deerhunter,3.80,3718
Saint Dominic's Preview,Gravediggaz,3.91,2074
If I Should Fall From Grace With God,Diamond Head,3.88,2836
Black Future,Academy of St Martin in the Fields,3.85,2653
Death Certificate,Neville Marriner,3.87,2482
The United States of America,Various Artists,3.83,3914
Hoodoo Man Blues,Junior Wells' Chicago Blues Band,3.91,1240
Cowboy Bebop,The Seatbelts,3.92,1720
Tropicália ou panis et circencis,Various Artists,3.94,1199
The Complete Works,Concertgebouworkest,3.91,739
The Marble Index,Asko Ensemble,3.82,3657
Koyaanisqatsi,Riccardo Chailly,3.87,2237
Achtung Baby,Nico,3.75,8311
Ces gens-là,Philip Glass,3.92,784
Lonerism,U2,3.66,10142
Funkentelechy vs. the Placebo Syndrome,Jacques Brel,3.91,1663
Real Life,Tame Impala,3.85,3727
Badmotorfinger,Parliament,3.79,6220
Left Hand Path,Magazine,3.85,3169
(What's the Story) Morning Glory?,Soundgarden,3.68,12395
Images and Words,Entombed,3.69,8109
Radio City,Oasis,3.87,3739
The Legend of Zelda (ゼルダの伝説): ムジュラの仮面オリジナル・サウンドトラック (Majora's Mask Original Soundtrack),Dream Theater,3.95,532
Game Theory,Big Star,3.86,2939
Buena Vista Social Club,近藤浩治 ,3.85,3960
Piñata,The Roots,3.76,5988
A Crow Looked at Me,Buena Vista Social Club,3.74,5969
Abattoir Blues / The Lyre of Orpheus,Freddie Gibbs,3.84,4211
Those Once Loyal,Madlib,3.89,1948
Necroticism - Descanting the Insalubrious,Mount Eerie,3.85,3150
The Legend of Zelda: Ocarina of Time Original Soundtrack,Nick Cave & The Bad Seeds,3.93,868
Spiritual Unity,Bolt Thrower,3.83,3101
I'm Still in Love With You,Carcass,3.92,1537
Free for All,近藤浩治 ,3.93,1051
Pop,Albert Ayler Trio,3.80,3662
Roxy Music,Al Green,3.81,4586
Artaud,Art Blakey & The Jazz Messengers,3.89,1441
American III: Solitary Man,Gas,3.89,2753
Twin Fantasy,Roxy Music,3.86,2517
DAMN.,Pescado Rabioso,3.61,11330
Morrison Hotel,Johnny Cash,3.75,7881
Neue Wiener Schule: Die Streichquartette,Car Seat Headrest,3.95,425
The Powers That B,Kendrick Lamar,3.79,5797
We Insist! Max Roach's Freedom Now Suite,The Doors,3.88,1664
E2-E4,LaSalle Quartett,3.85,2294
Twin Peaks: Limited Event Series Soundtrack,Death Grips,3.94,1023
Ocean Rain,Echo & The Bunnymen,3.80,5160
Passion (Music for The Last Temptation of Christ),Peter Gabriel,3.88,2235
Dog Man Star,Suede,3.85,3605
Fear of a Blank Planet,Porcupine Tree,3.74,6421
Killers,Iron Maiden,3.74,7571
From the Lions Mouth,The Sound,3.87,2595
Divers,Joanna Newsom,3.82,3922
Perdition City,Ulver,3.80,5070
Cure for Pain,Morphine,3.83,3654
Unhalfbricking,Fairport Convention,3.88,2350
To the Nameless Dead,Primordial,3.85,2247
Morningrise,Opeth,3.80,5051
Michigan,Sufjan Stevens,3.78,6885
Ewa Demarczyk śpiewa piosenki Zygmunta Koniecznego,Ewa Demarczyk,3.89,1076
Franks Wild Years,Tom Waits,3.85,3951
Tindersticks [II],Tindersticks,3.87,2195
Lightbulb Sun,Porcupine Tree,3.82,4482
加爾基 精液 栗ノ花 (Kalk Samen Kuri no Hana),椎名林檎 ,3.85,2072
The Sun Rises in the East,Jeru the Damaja,3.86,2401
Symphony No. 3 (Symphony of Sorrowful Songs); 3 Olden Style Pieces,Narodowa Orkiestra Symfoniczna Polskiego Radia w Katowicach,3.94,389
Millions Now Living Will Never Die,Antoni Wit,3.75,5735
Streetcleaner,Zofia Kilanowicz,3.82,3734
Younger Than Yesterday,Tortoise,3.87,3864
Heartwork,Godflesh,3.81,4319
Countdown to Ecstasy,The Byrds,3.88,3069
Yank Crime,Carcass,3.82,3928
One Nation Under a Groove,Steely Dan,3.88,2728
The Notorious Byrd Brothers,Drive Like Jehu,3.88,3424
Octopus,Funkadelic,3.82,3855
Billion Dollar Babies,The Byrds,3.85,3272
Final Fantasy IX Original Soundtrack,Gentle Giant,3.96,569
Les cinq saisons,Alice Cooper,3.86,1943
Lola Versus Powerman and the Moneygoround (Part One),植松伸夫 ,3.88,3543
Blood Sugar Sex Magik,Harmonium,3.65,10850
16 Lovers Lane,The Kinks,3.86,2865
It'll All Work Out in Boomland,Red Hot Chili Peppers,3.89,1667
The Real McCoy,The Go-Betweens,3.91,1430
Arnold Schoenberg 2: Streichquartette I-IV,T2,3.93,546
Stand Up,McCoy Tyner,3.83,3695
Moondog,Arditti String Quartet,3.87,2883
Blowout Comb,Digable Planets,3.85,2633
No More Color,Coroner,3.88,1962
Off the Wall,Michael Jackson,3.81,5720
Skeleton Tree,Nick Cave & The Bad Seeds,3.78,4983
Estudando o samba,Tom Zé,3.91,1108
Let It Be,The Beatles,3.64,14453
Les stances à Sophie,Art Ensemble of Chicago,3.87,1900
Caravanserai,Santana,3.88,2122
The Godfather,Nino Rota,3.93,896
Scott 3,Scott Walker,3.84,3256
City,Strapping Young Lad,3.83,3060
Sun Ship,John Coltrane,3.91,1385
Birds of Fire,Mahavishnu Orchestra,3.84,3266
A Piece of Strange,CunninLynguists,3.82,3027
Secrets of the Beehive,David Sylvian,3.84,2887
Biomech,Ocean Machine,3.84,2685
Frances the Mute,The Mars Volta,3.68,8178
El patio,Triana,3.90,1231
Tijuana Moods,Charlie Mingus,3.90,1866
Verisäkeet,Moonsorrow,3.84,1980
Ella Fitzgerald Sings the Cole Porter Song Book,Ella Fitzgerald,3.90,1018
Pétrouchka; Le Sacre du printemps,Cleveland Orchestra,3.94,300
The Woods,Pierre Boulez,3.82,3681
The Lord of the Rings: The Two Towers,Sleater-Kinney,3.92,1101
Peace and Love,Howard Shore,3.87,1302
Killer,Dadawah,3.84,2959
Little Girl Blue,Alice Cooper,3.89,1459
Santana,Nina Simone,3.87,2829
Be,Santana,3.83,3813
The Real Thing,Common,3.78,6077
Fôrça bruta,Faith No More,3.92,1216
Songs of Faith and Devotion,Jorge Ben,3.81,4467
Vs.,Depeche Mode,3.73,7559
Souls at Zero,Pearl Jam,3.85,2416
Vertigo,Neurosis,3.91,631
Metropolis Pt. 2: Scenes From a Memory,Bernard Herrmann,3.69,6913
The Chemical Wedding,Dream Theater,3.88,1795
Another Side of Bob Dylan,Bruce Dickinson,3.79,5763
Covenant,Bob Dylan,3.85,2928
"""X""",Morbid Angel,3.87,1627
"""Al final de este viaje...""",Silvio Rodríguez,3.90,655
Koyaanisqatsi,Philip Glass,3.93,497
Nefertiti,Miles Davis,3.88,2333
Smile,Brian Wilson,3.79,4378
Search for the New Land,Lee Morgan,3.93,909
Wildhoney,Tiamat,3.84,2547
Rossz csillag alatt született,Venetian Snares,3.76,5133
Coltrane,John Coltrane,3.91,1352
The Hissing of Summer Lawns,Joni Mitchell,3.86,2417
You Got My Mind Messed Up,James Carr,3.87,1535
Autobahn,Kraftwerk,3.74,6816
Love It to Death,Alice Cooper,3.85,2825
Symphonie No. 9 / Moldau,Wiener Philharmoniker,3.99,170
"Hissing Fauna, Are You the Destroyer?",Herbert von Karajan,3.72,6587
Hell Hath No Fury,of Montreal,3.82,3176
The ArchAndroid,Clipse,3.74,5966
Keeper of the Seven Keys Part I,Janelle Monáe,3.80,3570
Complete & Unbelievable: The Otis Redding Dictionary of Soul,Helloween,3.89,1408
Dead as Dreams,Otis Redding,3.84,1957
Nina Simone Sings the Blues,Weakling,3.91,1232
Don Cherry,Nina Simone,3.90,1024
Demon Days,Don Cherry,3.68,12292
Dopesmoker,Gorillaz,3.80,4102
Clifford Brown and Max Roach,Sleep,3.90,1129
Santana III,Clifford Brown and Max Roach,3.89,1915
A Trick of the Tail,Santana,3.80,4370
Feldman Edition 6: String Quartet No. 2,Genesis,3.89,490
Judgement,FLUX Quartet,3.81,3455
Stupid Dream,Anathema,3.81,4296
Machine Gun,Porcupine Tree,3.80,2592
Velocity : Design : Comfort,The Peter Brötzmann Octet,3.83,3016
Requiem KV 626,Sweet Trip,3.91,347
"Parsley, Sage, Rosemary and Thyme",Berliner Philharmoniker,3.83,3696
Transient Random-Noise Bursts With Announcements,Wiener Singverein,3.81,3831
Kimono My House,Herbert von Karajan,3.81,4116
Sea Change,Wilma Lipp,3.70,8280
'Allelujah! Don't Bend! Ascend!,Hilde Rössel-Majdan,3.69,7740
Satori,Anton Dermota,3.81,3206
The Lord of the Rings: The Return of the King,Walter Berry,3.90,1059
Time Out of Mind,Simon and Garfunkel,3.82,4169
Summerteeth,Wilco,3.81,6019
Focus,Cynic,3.75,4739
Pretzel Logic,Steely Dan,3.85,3536
Face to Face,The Kinks,3.84,4224
The Earth Is Not a Cold Dead Place,Explosions in the Sky,3.66,8503
Jesus Christ Superstar,Andrew Lloyd Webber and Tim Rice,3.87,896
Under the Sign of the Black Mark,Bathory,3.81,3458
Scheherazade and Other Stories,Renaissance,3.88,1698
Tubular Bells,Mike Oldfield,3.75,5344
Days of Future Passed,The Moody Blues With The London Festival Orchestra,3.80,4248
Cool Struttin',Sonny Clark,3.90,1151
Pleasure to Kill,Kreator,3.83,3246
Non al denaro non all'amore né al cielo,Fabrizio De André,3.89,1361
Shiny Beast (Bat Chain Puller),Captain Beefheart and The Magic Band,3.87,2362
Hell Awaits,Slayer,3.78,4870
String Quartets Nos. 1-3,The Tale Quartet,3.98,312
The Milk-Eyed Mender,Joanna Newsom,3.76,5630
Crescent,John Coltrane Quartet,3.90,1528
Symphonie Nr. 5,Berliner Philharmoniker,4.00,181
Milestones,Herbert von Karajan,3.87,2561
Figure 8,Miles Davis,3.78,5627
To Mega Therion,Elliott Smith,3.81,3585
Operation: Doomsday,Celtic Frost,3.78,5224
White Blood Cells,MF DOOM,3.74,9379
Parklife,The White Stripes,3.72,9004
Songs From a Room,Blur,3.80,4602
"Ravedeath, 1972",Leonard Cohen,3.75,5356
Pygmalion,Tim Hecker,3.75,5464
ワンダと巨像 大地の咆哮 (Wander and the Colossus: Roar of the Earth),Slowdive,3.92,558
New Skin for the Old Ceremony,大谷幸 ,3.85,3114
Starless and Bible Black,Leonard Cohen,3.77,5421
Henry's Dream,King Crimson,3.84,3813
Tristan und Isolde,Nick Cave & The Bad Seeds,3.93,325
Just for a Day,Wilhelm Furtwängler,3.76,5938
Blizzard of Ozz,Ludwig Suthaus,3.79,4843
Quebec,Kirsten Flagstad,3.86,2600
Paracletus,Slowdive,3.78,3257
Imagine,Ozzy Osbourne,3.78,6578
Monster Movie,Ween,3.76,5929
Die Kunst der Fuge,Deathspell Omega,3.94,343
Never for Ever,Kate Bush,3.82,3850
Bridge of Sighs,Robin Trower,3.88,1541
Hammerheart,Bathory,3.84,3374
Vingt regards sur l'enfant-Jésus,Steven Osborne,3.94,272
The Allman Brothers Band,The Allman Brothers Band,3.87,2095
Captain Beyond,Captain Beyond,3.85,2268
"If I Could Do It All Over Again, I'd Do It All Over You",Caravan,3.88,2034
Le mystère des voix bulgares : volume 1,Le Mystère des voix bulgares,3.88,1216
Didn't It Rain,Songs: Ohia,3.88,1505
Songs From the Wood,Jethro Tull,3.83,3042
Tim Burton's The Nightmare Before Christmas,Danny Elfman,3.89,1164
The Royal Scam,Steely Dan,3.87,2574
Études Op.10 & Op.25,Maurizio Pollini,3.93,390
Alice,Tom Waits,3.83,3820
Cold Fact,Rodriguez,3.87,2010
千と千尋の神隠し (Sen to Chihiro no kamikakushi),久石譲 ,3.93,818
Dots and Loops,Stereolab,3.82,3282
Clandestine,Entombed,3.84,2399
"Ptah, the El Daoud",Alice Coltrane,3.88,1512
Tilt,Scott Walker,3.80,3050
King for a Day... Fool for a Lifetime,Faith No More,3.78,4687
Not Available,The Residents,3.80,2876
Saturation III,Brockhampton,3.80,4203
Southernplayalisticadillacmuzik,OutKast,3.82,3683
Bonded by Blood,Exodus,3.81,3311
Black Unity,Pharoah Sanders,3.90,1335
Brighten the Corners,Pavement,3.80,4981
Samba esquema novo,Jorge Ben,3.89,1457
Nocturnes,Maurizio Pollini,3.97,216
Follow the Leader,Eric B. & Rakim,3.86,2214
DK Jamz,David Wise,3.91,463
Sobrevivendo no inferno,Eveline Fischer,3.92,415
Ill Communication,Racionais MC's,3.78,5095
Germfree Adolescents,Beastie Boys,3.84,2199
Straight Outta Compton,X-Ray Spex,3.72,6330
Low-Life,N.W.A,3.81,4825
Gentleman,New Order,3.89,1305
David Lynch's Mulholland Dr.,Fela Kuti,3.93,794
Die Kunst der Fuge,The Africa '70,4.00,227
Structures From Silence,Various Artists,3.84,2043
